<?xml version="1.0" encoding="UTF-8"?>
<root>
  <item name="com.github.florent37.materialviewpager.HeaderDesign com.github.florent37.materialviewpager.HeaderDesign fromColorAndDrawable(int, android.graphics.drawable.Drawable) 0">
    <annotation name="android.support.annotation.ColorInt" />
  </item>
  <item name="com.github.florent37.materialviewpager.HeaderDesign com.github.florent37.materialviewpager.HeaderDesign fromColorAndUrl(int, java.lang.String) 0">
    <annotation name="android.support.annotation.ColorInt" />
  </item>
  <item name="com.github.florent37.materialviewpager.HeaderDesign com.github.florent37.materialviewpager.HeaderDesign fromColorResAndDrawable(int, java.lang.String) 0">
    <annotation name="android.support.annotation.ColorRes" />
  </item>
  <item name="com.github.florent37.materialviewpager.HeaderDesign com.github.florent37.materialviewpager.HeaderDesign fromColorResAndUrl(int, java.lang.String) 0">
    <annotation name="android.support.annotation.ColorRes" />
  </item>
</root>

